INSERT INTO `cuckoo_job_extend` (`job_id`, `email_list`, `over_time_long`) VALUES (1, '', 9223372036854775807);
INSERT INTO `cuckoo_job_extend` (`job_id`, `email_list`, `over_time_long`) VALUES (2, '', 9223372036854775807);
INSERT INTO `cuckoo_job_extend` (`job_id`, `email_list`, `over_time_long`) VALUES (4, '', 9223372036854775807);
INSERT INTO `cuckoo_job_extend` (`job_id`, `email_list`, `over_time_long`) VALUES (5, '', 9223372036854775807);
INSERT INTO `cuckoo_job_extend` (`job_id`, `email_list`, `over_time_long`) VALUES (6, '', 9223372036854775807);
INSERT INTO `cuckoo_job_extend` (`job_id`, `email_list`, `over_time_long`) VALUES (8, '', 9223372036854775807);
INSERT INTO `cuckoo_job_extend` (`job_id`, `email_list`, `over_time_long`) VALUES (10, '', 2147483647);
INSERT INTO `cuckoo_job_extend` (`job_id`, `email_list`, `over_time_long`) VALUES (11, '', 2147483647);
INSERT INTO `cuckoo_job_extend` (`job_id`, `email_list`, `over_time_long`) VALUES (12, '609061217@qq.com', 9223372036854775807);
INSERT INTO `cuckoo_job_extend` (`job_id`, `email_list`, `over_time_long`) VALUES (13, '609061217@qq.com', 10800000);
INSERT INTO `cuckoo_job_extend` (`job_id`, `email_list`, `over_time_long`) VALUES (14, '609061217@qq.com', 10800000);
INSERT INTO `cuckoo_job_extend` (`job_id`, `email_list`, `over_time_long`) VALUES (15, '609061217@qq.com', 10800000);
INSERT INTO `cuckoo_job_extend` (`job_id`, `email_list`, `over_time_long`) VALUES (16, '609061217@qq.com', 10800000);
INSERT INTO `cuckoo_job_extend` (`job_id`, `email_list`, `over_time_long`) VALUES (17, '609061217@qq.com', 10800000);
INSERT INTO `cuckoo_job_extend` (`job_id`, `email_list`, `over_time_long`) VALUES (18, '609061217@qq.com', 10800000);
INSERT INTO `cuckoo_job_extend` (`job_id`, `email_list`, `over_time_long`) VALUES (19, '609061217@qq.com', 10800000);
INSERT INTO `cuckoo_job_extend` (`job_id`, `email_list`, `over_time_long`) VALUES (20, '609061217@qq.com', 10800000);
INSERT INTO `cuckoo_job_extend` (`job_id`, `email_list`, `over_time_long`) VALUES (21, '609061217@qq.com', 10800000);
INSERT INTO `cuckoo_job_extend` (`job_id`, `email_list`, `over_time_long`) VALUES (22, '609061217@qq.com', 10800000);
INSERT INTO `cuckoo_job_extend` (`job_id`, `email_list`, `over_time_long`) VALUES (23, '609061217@qq.com', 10800000);
INSERT INTO `cuckoo_job_extend` (`job_id`, `email_list`, `over_time_long`) VALUES (24, '609061217@qq.com', 10800000);
INSERT INTO `cuckoo_job_extend` (`job_id`, `email_list`, `over_time_long`) VALUES (25, '609061217@qq.com', 10800000);
INSERT INTO `cuckoo_job_extend` (`job_id`, `email_list`, `over_time_long`) VALUES (26, '609061217@qq.com', 10800000);
INSERT INTO `cuckoo_job_extend` (`job_id`, `email_list`, `over_time_long`) VALUES (27, '609061217@qq.com', 10800000);
INSERT INTO `cuckoo_job_extend` (`job_id`, `email_list`, `over_time_long`) VALUES (28, '609061217@qq.com', 10800000);
INSERT INTO `cuckoo_job_extend` (`job_id`, `email_list`, `over_time_long`) VALUES (29, '609061217@qq.com', 10800000);
INSERT INTO `cuckoo_job_extend` (`job_id`, `email_list`, `over_time_long`) VALUES (30, '609061217@qq.com', 10800000);
INSERT INTO `cuckoo_job_extend` (`job_id`, `email_list`, `over_time_long`) VALUES (31, '609061217@qq.com', 10800000);
INSERT INTO `cuckoo_job_extend` (`job_id`, `email_list`, `over_time_long`) VALUES (32, '609061217@qq.com', 10800000);
INSERT INTO `cuckoo_job_extend` (`job_id`, `email_list`, `over_time_long`) VALUES (33, '609061217@qq.com', 10800000);
INSERT INTO `cuckoo_job_extend` (`job_id`, `email_list`, `over_time_long`) VALUES (34, '609061217@qq.com', 10800000);
INSERT INTO `cuckoo_job_extend` (`job_id`, `email_list`, `over_time_long`) VALUES (35, '609061217@qq.com', 10800000);
INSERT INTO `cuckoo_job_extend` (`job_id`, `email_list`, `over_time_long`) VALUES (36, '609061217@qq.com', 10800000);
INSERT INTO `cuckoo_job_extend` (`job_id`, `email_list`, `over_time_long`) VALUES (37, '609061217@qq.com', 10800000);
INSERT INTO `cuckoo_job_extend` (`job_id`, `email_list`, `over_time_long`) VALUES (38, '609061217@qq.com', 10800000);
INSERT INTO `cuckoo_job_extend` (`job_id`, `email_list`, `over_time_long`) VALUES (39, '609061217@qq.com', 10800000);
INSERT INTO `cuckoo_job_extend` (`job_id`, `email_list`, `over_time_long`) VALUES (40, '609061217@qq.com', 10800000);
INSERT INTO `cuckoo_job_extend` (`job_id`, `email_list`, `over_time_long`) VALUES (41, '609061217@qq.com', 108000000);


INSERT INTO `cuckoo_job_group` (`id`, `group_name`, `group_desc`) VALUES (1, 'CRON日切成功', 'CRON日切任务，客户端执行成功');
INSERT INTO `cuckoo_job_group` (`id`, `group_name`, `group_desc`) VALUES (2, 'CRON日切失败', 'CRON日切任务，客户机执行失败');
INSERT INTO `cuckoo_job_group` (`id`, `group_name`, `group_desc`) VALUES (3, 'CRON非日切成功', 'CRON非日切任务，客户机执行成功');
INSERT INTO `cuckoo_job_group` (`id`, `group_name`, `group_desc`) VALUES (4, 'CRON非日切失败', 'CRON非日切任务，客户机执行失败');
INSERT INTO `cuckoo_job_group` (`id`, `group_name`, `group_desc`) VALUES (5, 'FLOW日切成功', 'FLOW日切任务，客户机执行成功（此处配置一条CRON日切任务触发）');
INSERT INTO `cuckoo_job_group` (`id`, `group_name`, `group_desc`) VALUES (6, 'FLOW日切失败', 'FLOW日切任务，客户机执行失败（此处配置一条CRON日切任务触发）');
INSERT INTO `cuckoo_job_group` (`id`, `group_name`, `group_desc`) VALUES (7, 'FLOW非日切成功', 'FLOW非日切任务，客户机执行成功（此处配置一条CRON非日切任务触发）');
INSERT INTO `cuckoo_job_group` (`id`, `group_name`, `group_desc`) VALUES (8, 'FLOW非日切失败', 'FLOW非日切任务，客户机执行失败（此处配置一条CRON非日切任务触发）');
INSERT INTO `cuckoo_job_group` (`id`, `group_name`, `group_desc`) VALUES (9, 'FLOW日切多级任务依赖', 'FLOW日切多级任务依赖，所有任务都执行成功（此处配置一条CRON进行触发）');
INSERT INTO `cuckoo_job_group` (`id`, `group_name`, `group_desc`) VALUES (10, 'FLOW非日切多级任务依赖', 'FLOW非日切多级任务依赖，所有任务都执行成功（此处配置一条CRON进行触发）');
INSERT INTO `cuckoo_job_group` (`id`, `group_name`, `group_desc`) VALUES (11, 'CRON日切任务依赖FLOW日切任务', 'CRON日切任务执行还需要依赖一个FLOW日切任务');
INSERT INTO `cuckoo_job_group` (`id`, `group_name`, `group_desc`) VALUES (12, 'FLOW日切依赖FlOW也依赖CRON任务', 'FLOW日切依赖FlOW也依赖CRON任务');
INSERT INTO `cuckoo_job_group` (`id`, `group_name`, `group_desc`) VALUES (14, '任务执行超时', '任务执行超时（客户端sleep2个小时）');


INSERT INTO `cuckoo_job_next_job` (`id`, `job_id`, `next_job_id`) VALUES (17, 4, 11);
INSERT INTO `cuckoo_job_next_job` (`id`, `job_id`, `next_job_id`) VALUES (18, 8, 10);
INSERT INTO `cuckoo_job_next_job` (`id`, `job_id`, `next_job_id`) VALUES (19, 4, 12);
INSERT INTO `cuckoo_job_next_job` (`id`, `job_id`, `next_job_id`) VALUES (20, 4, 8);
INSERT INTO `cuckoo_job_next_job` (`id`, `job_id`, `next_job_id`) VALUES (21, 4, 6);
INSERT INTO `cuckoo_job_next_job` (`id`, `job_id`, `next_job_id`) VALUES (23, 19, 20);
INSERT INTO `cuckoo_job_next_job` (`id`, `job_id`, `next_job_id`) VALUES (24, 21, 22);
INSERT INTO `cuckoo_job_next_job` (`id`, `job_id`, `next_job_id`) VALUES (26, 23, 24);
INSERT INTO `cuckoo_job_next_job` (`id`, `job_id`, `next_job_id`) VALUES (28, 25, 26);
INSERT INTO `cuckoo_job_next_job` (`id`, `job_id`, `next_job_id`) VALUES (29, 27, 29);
INSERT INTO `cuckoo_job_next_job` (`id`, `job_id`, `next_job_id`) VALUES (32, 31, 32);
INSERT INTO `cuckoo_job_next_job` (`id`, `job_id`, `next_job_id`) VALUES (33, 32, 33);
INSERT INTO `cuckoo_job_next_job` (`id`, `job_id`, `next_job_id`) VALUES (34, 33, 34);
INSERT INTO `cuckoo_job_next_job` (`id`, `job_id`, `next_job_id`) VALUES (35, 35, 36);
INSERT INTO `cuckoo_job_next_job` (`id`, `job_id`, `next_job_id`) VALUES (36, 38, 39);
INSERT INTO `cuckoo_job_next_job` (`id`, `job_id`, `next_job_id`) VALUES (37, 39, 40);
INSERT INTO `cuckoo_job_next_job` (`id`, `job_id`, `next_job_id`) VALUES (38, 29, 30);


INSERT INTO `cuckoo_client_job_detail` (`id`, `job_class_application`, `cuckoo_client_ip`, `cuckoo_client_tag`, `cuckoo_client_status`, `job_name`, `bean_name`, `method_name`, `create_date`, `modify_date`) VALUES (1, 'member', '127.0.0.1', 'DEFAULT', 'RUNNING', 'testJob', 'cuckooTestTaskImpl', 'testJob', 1489334220605, 1489912955106);
INSERT INTO `cuckoo_client_job_detail` (`id`, `job_class_application`, `cuckoo_client_ip`, `cuckoo_client_tag`, `cuckoo_client_status`, `job_name`, `bean_name`, `method_name`, `create_date`, `modify_date`) VALUES (2, 'member', '127.0.0.1', 'DEFAULT', 'RUNNING', 'testJob2', 'cuckooTestTask2Impl', 'testJob', 1489334220631, 1489912955137);
INSERT INTO `cuckoo_client_job_detail` (`id`, `job_class_application`, `cuckoo_client_ip`, `cuckoo_client_tag`, `cuckoo_client_status`, `job_name`, `bean_name`, `method_name`, `create_date`, `modify_date`) VALUES (3, 'member', '127.0.0.1', 'DEFAULT', 'RUNNING', 'testCronDailyFailed', 'cuckooTestDailyJobImpl', 'testCronDailyFailed', 1489918313212, 1489919040035);
INSERT INTO `cuckoo_client_job_detail` (`id`, `job_class_application`, `cuckoo_client_ip`, `cuckoo_client_tag`, `cuckoo_client_status`, `job_name`, `bean_name`, `method_name`, `create_date`, `modify_date`) VALUES (4, 'member', '127.0.0.1', 'DEFAULT', 'RUNNING', 'testCronDailySucced', 'cuckooTestDailyJobImpl', 'testCronDailySucced', 1489918313244, 1490013515019);
INSERT INTO `cuckoo_client_job_detail` (`id`, `job_class_application`, `cuckoo_client_ip`, `cuckoo_client_tag`, `cuckoo_client_status`, `job_name`, `bean_name`, `method_name`, `create_date`, `modify_date`) VALUES (5, 'member', '127.0.0.1', 'DEFAULT', 'RUNNING', 'testCronUnDailySucced', 'cuckooTestUnDailyJobImpl', 'testCronUnDailySucced', 1489918313265, 1489918585066);
INSERT INTO `cuckoo_client_job_detail` (`id`, `job_class_application`, `cuckoo_client_ip`, `cuckoo_client_tag`, `cuckoo_client_status`, `job_name`, `bean_name`, `method_name`, `create_date`, `modify_date`) VALUES (6, 'member', '127.0.0.1', 'DEFAULT', 'RUNNING', 'testCronUnDailyFailed', 'cuckooTestUnDailyJobImpl', 'testCronUnDailyFailed', 1489918313288, 0);
INSERT INTO `cuckoo_client_job_detail` (`id`, `job_class_application`, `cuckoo_client_ip`, `cuckoo_client_tag`, `cuckoo_client_status`, `job_name`, `bean_name`, `method_name`, `create_date`, `modify_date`) VALUES (7, 'member', '127.0.0.1', 'DEFAULT', 'RUNNING', 'testCronDailyDependencySucced', 'cuckooTestDailyJobImpl', 'testCronDailyDependencySucced', 1489998424963, 1490007892918);
INSERT INTO `cuckoo_client_job_detail` (`id`, `job_class_application`, `cuckoo_client_ip`, `cuckoo_client_tag`, `cuckoo_client_status`, `job_name`, `bean_name`, `method_name`, `create_date`, `modify_date`) VALUES (8, 'member', '127.0.0.1', 'DEFAULT', 'RUNNING', 'testFlowDailySucced', 'cuckooTestDailyJobImpl', 'testFlowDailySucced', 1490008079658, 1490013575070);
INSERT INTO `cuckoo_client_job_detail` (`id`, `job_class_application`, `cuckoo_client_ip`, `cuckoo_client_tag`, `cuckoo_client_status`, `job_name`, `bean_name`, `method_name`, `create_date`, `modify_date`) VALUES (9, 'member', '127.0.0.1', 'DEFAULT', 'RUNNING', 'testFlowDailyDependencySucced', 'cuckooTestDailyJobImpl', 'testFlowDailyDependencySucced', 1490008442601, 1490013575054);
INSERT INTO `cuckoo_client_job_detail` (`id`, `job_class_application`, `cuckoo_client_ip`, `cuckoo_client_tag`, `cuckoo_client_status`, `job_name`, `bean_name`, `method_name`, `create_date`, `modify_date`) VALUES (10, 'member', '127.0.0.1', 'DEFAULT', 'RUNNING', 'testFlowDailyFailed', 'cuckooTestDailyJobImpl', 'testFlowDailyFailed', 1490012799502, 1490013635120);
INSERT INTO `cuckoo_client_job_detail` (`id`, `job_class_application`, `cuckoo_client_ip`, `cuckoo_client_tag`, `cuckoo_client_status`, `job_name`, `bean_name`, `method_name`, `create_date`, `modify_date`) VALUES (11, 'member', '127.0.0.1', 'DEFAULT', 'RUNNING', 'testFlowUnDailyDependencySucced', 'cuckooTestUnDailyJobImpl', 'testFlowUnDailyDependencySucced', 1490013071620, 0);
INSERT INTO `cuckoo_client_job_detail` (`id`, `job_class_application`, `cuckoo_client_ip`, `cuckoo_client_tag`, `cuckoo_client_status`, `job_name`, `bean_name`, `method_name`, `create_date`, `modify_date`) VALUES (12, 'member', '127.0.0.1', 'DEFAULT', 'RUNNING', 'testFlowUnDailySucced', 'cuckooTestUnDailyJobImpl', 'testFlowUnDailySucced', 1490013071632, 1490064368035);
INSERT INTO `cuckoo_client_job_detail` (`id`, `job_class_application`, `cuckoo_client_ip`, `cuckoo_client_tag`, `cuckoo_client_status`, `job_name`, `bean_name`, `method_name`, `create_date`, `modify_date`) VALUES (13, 'member', '127.0.0.1', 'DEFAULT', 'RUNNING', 'testFlowUnDailyFailed', 'cuckooTestUnDailyJobImpl', 'testFlowUnDailyFailed', 1490013071639, 1490013575116);
INSERT INTO `cuckoo_client_job_detail` (`id`, `job_class_application`, `cuckoo_client_ip`, `cuckoo_client_tag`, `cuckoo_client_status`, `job_name`, `bean_name`, `method_name`, `create_date`, `modify_date`) VALUES (14, 'member', '127.0.0.1', 'DEFAULT', 'RUNNING', 'testCronJobAutoInit', 'cuckooTestOther', 'testCronJobAutoInit', 1490167594975, 1490184660431);
INSERT INTO `cuckoo_client_job_detail` (`id`, `job_class_application`, `cuckoo_client_ip`, `cuckoo_client_tag`, `cuckoo_client_status`, `job_name`, `bean_name`, `method_name`, `create_date`, `modify_date`) VALUES (15, 'member', '10.138.254.70', 'tag1', 'RUNNING', 'testCronDailyFailed', 'cuckooTestDailyJobImpl', 'testCronDailyFailed', 1490232111811, 1490286600044);
INSERT INTO `cuckoo_client_job_detail` (`id`, `job_class_application`, `cuckoo_client_ip`, `cuckoo_client_tag`, `cuckoo_client_status`, `job_name`, `bean_name`, `method_name`, `create_date`, `modify_date`) VALUES (16, 'member', '10.138.254.70', 'tag1', 'RUNNING', 'testCronDailySucced', 'cuckooTestDailyJobImpl', 'testCronDailySucced', 1490232111831, 1490381359192);
INSERT INTO `cuckoo_client_job_detail` (`id`, `job_class_application`, `cuckoo_client_ip`, `cuckoo_client_tag`, `cuckoo_client_status`, `job_name`, `bean_name`, `method_name`, `create_date`, `modify_date`) VALUES (17, 'member', '10.138.254.70', 'tag1', 'RUNNING', 'testFlowDailyFailed', 'cuckooTestDailyJobImpl', 'testFlowDailyFailed', 1490232111843, 1490286618590);
INSERT INTO `cuckoo_client_job_detail` (`id`, `job_class_application`, `cuckoo_client_ip`, `cuckoo_client_tag`, `cuckoo_client_status`, `job_name`, `bean_name`, `method_name`, `create_date`, `modify_date`) VALUES (18, 'member', '10.138.254.70', 'tag1', 'RUNNING', 'testCronUnDailySucced', 'cuckooTestUnDailyJobImpl', 'testCronUnDailySucced', 1490232111853, 1490455800102);
INSERT INTO `cuckoo_client_job_detail` (`id`, `job_class_application`, `cuckoo_client_ip`, `cuckoo_client_tag`, `cuckoo_client_status`, `job_name`, `bean_name`, `method_name`, `create_date`, `modify_date`) VALUES (19, 'member', '10.138.254.70', 'tag1', 'RUNNING', 'testFlowDailySucced', 'cuckooTestDailyJobImpl', 'testFlowDailySucced', 1490232111862, 1490381359286);
INSERT INTO `cuckoo_client_job_detail` (`id`, `job_class_application`, `cuckoo_client_ip`, `cuckoo_client_tag`, `cuckoo_client_status`, `job_name`, `bean_name`, `method_name`, `create_date`, `modify_date`) VALUES (20, 'member', '10.138.254.70', 'tag1', 'RUNNING', 'testCronDailyDependencySucced', 'cuckooTestDailyJobImpl', 'testCronDailyDependencySucced', 1490232111873, 0);
INSERT INTO `cuckoo_client_job_detail` (`id`, `job_class_application`, `cuckoo_client_ip`, `cuckoo_client_tag`, `cuckoo_client_status`, `job_name`, `bean_name`, `method_name`, `create_date`, `modify_date`) VALUES (21, 'member', '10.138.254.70', 'tag1', 'RUNNING', 'testFlowUnDailySucced', 'cuckooTestUnDailyJobImpl', 'testFlowUnDailySucced', 1490232111884, 1490455800322);
INSERT INTO `cuckoo_client_job_detail` (`id`, `job_class_application`, `cuckoo_client_ip`, `cuckoo_client_tag`, `cuckoo_client_status`, `job_name`, `bean_name`, `method_name`, `create_date`, `modify_date`) VALUES (22, 'member', '10.138.254.70', 'tag1', 'RUNNING', 'testFlowUnDailyFailed', 'cuckooTestUnDailyJobImpl', 'testFlowUnDailyFailed', 1490232111894, 1490433620549);
INSERT INTO `cuckoo_client_job_detail` (`id`, `job_class_application`, `cuckoo_client_ip`, `cuckoo_client_tag`, `cuckoo_client_status`, `job_name`, `bean_name`, `method_name`, `create_date`, `modify_date`) VALUES (23, 'member', '10.138.254.70', 'tag1', 'RUNNING', 'testCronUnDailyFailed', 'cuckooTestUnDailyJobImpl', 'testCronUnDailyFailed', 1490232111904, 1490321700621);
INSERT INTO `cuckoo_client_job_detail` (`id`, `job_class_application`, `cuckoo_client_ip`, `cuckoo_client_tag`, `cuckoo_client_status`, `job_name`, `bean_name`, `method_name`, `create_date`, `modify_date`) VALUES (24, 'member', '10.138.254.70', 'tag1', 'RUNNING', 'testCronJobAutoInit', 'cuckooTestOther', 'testCronJobAutoInit', 1490232111914, 1490279400050);
INSERT INTO `cuckoo_client_job_detail` (`id`, `job_class_application`, `cuckoo_client_ip`, `cuckoo_client_tag`, `cuckoo_client_status`, `job_name`, `bean_name`, `method_name`, `create_date`, `modify_date`) VALUES (25, 'member', '10.138.254.70', 'tag1', 'RUNNING', 'testFlowDailyDependencySucced', 'cuckooTestDailyJobImpl', 'testFlowDailyDependencySucced', 1490232111924, 0);


INSERT INTO `cuckoo_job_dependency` (`id`, `job_id`, `dependency_job_id`) VALUES (19, 11, 4);
INSERT INTO `cuckoo_job_dependency` (`id`, `job_id`, `dependency_job_id`) VALUES (20, 10, 8);
INSERT INTO `cuckoo_job_dependency` (`id`, `job_id`, `dependency_job_id`) VALUES (21, 12, 4);
INSERT INTO `cuckoo_job_dependency` (`id`, `job_id`, `dependency_job_id`) VALUES (22, 8, 4);
INSERT INTO `cuckoo_job_dependency` (`id`, `job_id`, `dependency_job_id`) VALUES (23, 6, 4);
INSERT INTO `cuckoo_job_dependency` (`id`, `job_id`, `dependency_job_id`) VALUES (24, 6, 5);
INSERT INTO `cuckoo_job_dependency` (`id`, `job_id`, `dependency_job_id`) VALUES (25, 14, 10);
INSERT INTO `cuckoo_job_dependency` (`id`, `job_id`, `dependency_job_id`) VALUES (27, 20, 19);
INSERT INTO `cuckoo_job_dependency` (`id`, `job_id`, `dependency_job_id`) VALUES (28, 22, 21);
INSERT INTO `cuckoo_job_dependency` (`id`, `job_id`, `dependency_job_id`) VALUES (30, 24, 23);
INSERT INTO `cuckoo_job_dependency` (`id`, `job_id`, `dependency_job_id`) VALUES (32, 26, 25);
INSERT INTO `cuckoo_job_dependency` (`id`, `job_id`, `dependency_job_id`) VALUES (33, 29, 27);
INSERT INTO `cuckoo_job_dependency` (`id`, `job_id`, `dependency_job_id`) VALUES (34, 29, 28);
INSERT INTO `cuckoo_job_dependency` (`id`, `job_id`, `dependency_job_id`) VALUES (37, 32, 31);
INSERT INTO `cuckoo_job_dependency` (`id`, `job_id`, `dependency_job_id`) VALUES (38, 33, 32);
INSERT INTO `cuckoo_job_dependency` (`id`, `job_id`, `dependency_job_id`) VALUES (39, 34, 33);
INSERT INTO `cuckoo_job_dependency` (`id`, `job_id`, `dependency_job_id`) VALUES (40, 36, 35);
INSERT INTO `cuckoo_job_dependency` (`id`, `job_id`, `dependency_job_id`) VALUES (43, 39, 37);
INSERT INTO `cuckoo_job_dependency` (`id`, `job_id`, `dependency_job_id`) VALUES (44, 40, 38);
INSERT INTO `cuckoo_job_dependency` (`id`, `job_id`, `dependency_job_id`) VALUES (45, 40, 39);
INSERT INTO `cuckoo_job_dependency` (`id`, `job_id`, `dependency_job_id`) VALUES (46, 37, 35);
INSERT INTO `cuckoo_job_dependency` (`id`, `job_id`, `dependency_job_id`) VALUES (47, 37, 36);
INSERT INTO `cuckoo_job_dependency` (`id`, `job_id`, `dependency_job_id`) VALUES (48, 30, 27);
INSERT INTO `cuckoo_job_dependency` (`id`, `job_id`, `dependency_job_id`) VALUES (49, 30, 28);
INSERT INTO `cuckoo_job_dependency` (`id`, `job_id`, `dependency_job_id`) VALUES (50, 30, 29);


INSERT INTO `cuckoo_job_detail` (`id`, `group_id`, `exec_job_type`, `job_class_application`, `job_name`, `job_desc`, `trigger_type`, `type_daily`, `cron_expression`, `offset`, `job_status`, `cuckoo_parallel_job_args`) VALUES (15, 1, 'CUCKOO', 'member', 'testCronDailySucced', '任务说明', 'CRON', 'YES', '0 15 2 1/1 * ?', -1, 'RUNNING', '参数');
INSERT INTO `cuckoo_job_detail` (`id`, `group_id`, `exec_job_type`, `job_class_application`, `job_name`, `job_desc`, `trigger_type`, `type_daily`, `cron_expression`, `offset`, `job_status`, `cuckoo_parallel_job_args`) VALUES (16, 2, 'CUCKOO', 'member', 'testCronDailyFailed', '任务描述说明', 'CRON', 'YES', '0 30 0 1/1 * ?', -1, 'RUNNING', '参数');
INSERT INTO `cuckoo_job_detail` (`id`, `group_id`, `exec_job_type`, `job_class_application`, `job_name`, `job_desc`, `trigger_type`, `type_daily`, `cron_expression`, `offset`, `job_status`, `cuckoo_parallel_job_args`) VALUES (17, 3, 'CUCKOO', 'member', 'testCronUnDailySucced', '描述', 'CRON', 'NO', '0 0/30 * * * ?', 0, 'RUNNING', '参数');
INSERT INTO `cuckoo_job_detail` (`id`, `group_id`, `exec_job_type`, `job_class_application`, `job_name`, `job_desc`, `trigger_type`, `type_daily`, `cron_expression`, `offset`, `job_status`, `cuckoo_parallel_job_args`) VALUES (18, 4, 'CUCKOO', 'member', 'testCronUnDailyFailed', '描述', 'CRON', 'NO', '0 0/30 * * * ?', 0, 'RUNNING', '参数');
INSERT INTO `cuckoo_job_detail` (`id`, `group_id`, `exec_job_type`, `job_class_application`, `job_name`, `job_desc`, `trigger_type`, `type_daily`, `cron_expression`, `offset`, `job_status`, `cuckoo_parallel_job_args`) VALUES (19, 5, 'CUCKOO', 'member', 'testCronDailySucced', '触发任务', 'CRON', 'YES', '0 30 0 1/1 * ?', -1, 'RUNNING', '参数');
INSERT INTO `cuckoo_job_detail` (`id`, `group_id`, `exec_job_type`, `job_class_application`, `job_name`, `job_desc`, `trigger_type`, `type_daily`, `cron_expression`, `offset`, `job_status`, `cuckoo_parallel_job_args`) VALUES (20, 5, 'CUCKOO', 'member', 'testFlowDailySucced', '描述', 'JOB', 'YES', '', -1, 'RUNNING', '参数');
INSERT INTO `cuckoo_job_detail` (`id`, `group_id`, `exec_job_type`, `job_class_application`, `job_name`, `job_desc`, `trigger_type`, `type_daily`, `cron_expression`, `offset`, `job_status`, `cuckoo_parallel_job_args`) VALUES (21, 6, 'CUCKOO', 'member', 'testCronDailySucced', '描述', 'CRON', 'YES', '0 30 0 1/1 * ?', -1, 'RUNNING', '参数');
INSERT INTO `cuckoo_job_detail` (`id`, `group_id`, `exec_job_type`, `job_class_application`, `job_name`, `job_desc`, `trigger_type`, `type_daily`, `cron_expression`, `offset`, `job_status`, `cuckoo_parallel_job_args`) VALUES (22, 6, 'CUCKOO', 'member', 'testFlowDailyFailed', '描述', 'JOB', 'YES', '', 0, 'RUNNING', '参数');
INSERT INTO `cuckoo_job_detail` (`id`, `group_id`, `exec_job_type`, `job_class_application`, `job_name`, `job_desc`, `trigger_type`, `type_daily`, `cron_expression`, `offset`, `job_status`, `cuckoo_parallel_job_args`) VALUES (23, 7, 'CUCKOO', 'member', 'testCronUnDailySucced', '描述', 'CRON', 'NO', '0 0/30 * * * ?', 0, 'RUNNING', '参数');
INSERT INTO `cuckoo_job_detail` (`id`, `group_id`, `exec_job_type`, `job_class_application`, `job_name`, `job_desc`, `trigger_type`, `type_daily`, `cron_expression`, `offset`, `job_status`, `cuckoo_parallel_job_args`) VALUES (24, 7, 'CUCKOO', 'member', 'testFlowUnDailySucced', '描述', 'JOB', 'NO', '', 0, 'RUNNING', '参数');
INSERT INTO `cuckoo_job_detail` (`id`, `group_id`, `exec_job_type`, `job_class_application`, `job_name`, `job_desc`, `trigger_type`, `type_daily`, `cron_expression`, `offset`, `job_status`, `cuckoo_parallel_job_args`) VALUES (25, 8, 'CUCKOO', 'member', 'testCronUnDailySucced', '描述', 'CRON', 'NO', '0 0/30 * * * ?', 0, 'RUNNING', '参数');
INSERT INTO `cuckoo_job_detail` (`id`, `group_id`, `exec_job_type`, `job_class_application`, `job_name`, `job_desc`, `trigger_type`, `type_daily`, `cron_expression`, `offset`, `job_status`, `cuckoo_parallel_job_args`) VALUES (26, 8, 'CUCKOO', 'member', 'testFlowUnDailyFailed', '描述', 'JOB', 'NO', '', 0, 'RUNNING', '参数');
INSERT INTO `cuckoo_job_detail` (`id`, `group_id`, `exec_job_type`, `job_class_application`, `job_name`, `job_desc`, `trigger_type`, `type_daily`, `cron_expression`, `offset`, `job_status`, `cuckoo_parallel_job_args`) VALUES (27, 9, 'CUCKOO', 'member', 'testCronDailySucced', '描述', 'CRON', 'YES', '0 30 0 1/1 * ?', -1, 'RUNNING', '参数');
INSERT INTO `cuckoo_job_detail` (`id`, `group_id`, `exec_job_type`, `job_class_application`, `job_name`, `job_desc`, `trigger_type`, `type_daily`, `cron_expression`, `offset`, `job_status`, `cuckoo_parallel_job_args`) VALUES (28, 9, 'CUCKOO', 'member', 'testCronDailySucced', '描述', 'CRON', 'YES', '0 30 0 1/1 * ?', 0, 'RUNNING', '参数');
INSERT INTO `cuckoo_job_detail` (`id`, `group_id`, `exec_job_type`, `job_class_application`, `job_name`, `job_desc`, `trigger_type`, `type_daily`, `cron_expression`, `offset`, `job_status`, `cuckoo_parallel_job_args`) VALUES (29, 9, 'CUCKOO', 'member', 'testFlowDailySucced', '描述', 'JOB', 'YES', '', -1, 'RUNNING', '参数');
INSERT INTO `cuckoo_job_detail` (`id`, `group_id`, `exec_job_type`, `job_class_application`, `job_name`, `job_desc`, `trigger_type`, `type_daily`, `cron_expression`, `offset`, `job_status`, `cuckoo_parallel_job_args`) VALUES (30, 9, 'CUCKOO', 'member', 'testFlowDailySucced', '描述', 'JOB', 'YES', '', -1, 'RUNNING', '参数');
INSERT INTO `cuckoo_job_detail` (`id`, `group_id`, `exec_job_type`, `job_class_application`, `job_name`, `job_desc`, `trigger_type`, `type_daily`, `cron_expression`, `offset`, `job_status`, `cuckoo_parallel_job_args`) VALUES (31, 10, 'CUCKOO', 'member', 'testCronUnDailySucced', '描述', 'CRON', 'NO', '0 0/30 * * * ?', 0, 'RUNNING', '参数');
INSERT INTO `cuckoo_job_detail` (`id`, `group_id`, `exec_job_type`, `job_class_application`, `job_name`, `job_desc`, `trigger_type`, `type_daily`, `cron_expression`, `offset`, `job_status`, `cuckoo_parallel_job_args`) VALUES (32, 10, 'CUCKOO', 'member', 'testFlowUnDailySucced', '描述', 'JOB', 'NO', '', 0, 'RUNNING', '参数');
INSERT INTO `cuckoo_job_detail` (`id`, `group_id`, `exec_job_type`, `job_class_application`, `job_name`, `job_desc`, `trigger_type`, `type_daily`, `cron_expression`, `offset`, `job_status`, `cuckoo_parallel_job_args`) VALUES (33, 10, 'CUCKOO', 'member', 'testFlowUnDailySucced', '描述', 'JOB', 'NO', '', 0, 'RUNNING', '参数');
INSERT INTO `cuckoo_job_detail` (`id`, `group_id`, `exec_job_type`, `job_class_application`, `job_name`, `job_desc`, `trigger_type`, `type_daily`, `cron_expression`, `offset`, `job_status`, `cuckoo_parallel_job_args`) VALUES (34, 10, 'CUCKOO', 'member', 'testFlowUnDailySucced', '描述', 'JOB', 'NO', '', 0, 'RUNNING', '参数');
INSERT INTO `cuckoo_job_detail` (`id`, `group_id`, `exec_job_type`, `job_class_application`, `job_name`, `job_desc`, `trigger_type`, `type_daily`, `cron_expression`, `offset`, `job_status`, `cuckoo_parallel_job_args`) VALUES (35, 11, 'CUCKOO', 'member', 'testCronDailySucced', '描述', 'CRON', 'YES', '0 30 0 1/1 * ?', -1, 'RUNNING', '参数');
INSERT INTO `cuckoo_job_detail` (`id`, `group_id`, `exec_job_type`, `job_class_application`, `job_name`, `job_desc`, `trigger_type`, `type_daily`, `cron_expression`, `offset`, `job_status`, `cuckoo_parallel_job_args`) VALUES (36, 11, 'CUCKOO', 'member', 'testFlowDailySucced', '描述', 'JOB', 'YES', '', -1, 'RUNNING', '参数');
INSERT INTO `cuckoo_job_detail` (`id`, `group_id`, `exec_job_type`, `job_class_application`, `job_name`, `job_desc`, `trigger_type`, `type_daily`, `cron_expression`, `offset`, `job_status`, `cuckoo_parallel_job_args`) VALUES (37, 11, 'CUCKOO', 'member', 'testCronDailySucced', '描述', 'CRON', 'YES', '0 30 0 1/1 * ?', -1, 'RUNNING', '参数');
INSERT INTO `cuckoo_job_detail` (`id`, `group_id`, `exec_job_type`, `job_class_application`, `job_name`, `job_desc`, `trigger_type`, `type_daily`, `cron_expression`, `offset`, `job_status`, `cuckoo_parallel_job_args`) VALUES (38, 12, 'CUCKOO', 'member', 'testCronDailySucced', '描述', 'CRON', 'YES', '0 30 0 1/1 * ?', -1, 'RUNNING', '参数');
INSERT INTO `cuckoo_job_detail` (`id`, `group_id`, `exec_job_type`, `job_class_application`, `job_name`, `job_desc`, `trigger_type`, `type_daily`, `cron_expression`, `offset`, `job_status`, `cuckoo_parallel_job_args`) VALUES (39, 12, 'CUCKOO', 'member', 'testFlowDailySucced', '描述', 'JOB', 'YES', '', -1, 'RUNNING', '参数');
INSERT INTO `cuckoo_job_detail` (`id`, `group_id`, `exec_job_type`, `job_class_application`, `job_name`, `job_desc`, `trigger_type`, `type_daily`, `cron_expression`, `offset`, `job_status`, `cuckoo_parallel_job_args`) VALUES (40, 12, 'CUCKOO', 'member', 'testFlowDailySucced', '描述', 'JOB', 'YES', '', -1, 'RUNNING', '参数');
INSERT INTO `cuckoo_job_detail` (`id`, `group_id`, `exec_job_type`, `job_class_application`, `job_name`, `job_desc`, `trigger_type`, `type_daily`, `cron_expression`, `offset`, `job_status`, `cuckoo_parallel_job_args`) VALUES (41, 14, 'CUCKOO', 'member', 'testCronJobOverTime', '描述', 'CRON', 'NO', '0 0 0/3 * * ?', 0, 'RUNNING', '参数');



INSERT INTO `cuckoo_auth_user` (`id`, `user_name`, `user_pwd`, `user_auth_type`, `phone`, `email`, `org_name`) VALUES (1, 'guest', 'e10adc3949ba59abbe56e057f20f883e', 'GUEST', '', '', '');
INSERT INTO `cuckoo_auth_user` (`id`, `user_name`, `user_pwd`, `user_auth_type`, `phone`, `email`, `org_name`) VALUES (2, 'admin', 'e10adc3949ba59abbe56e057f20f883e', 'ADMIN', '', '', '');
INSERT INTO `cuckoo_auth_user` (`id`, `user_name`, `user_pwd`, `user_auth_type`, `phone`, `email`, `org_name`) VALUES (3, 'test', 'e10adc3949ba59abbe56e057f20f883e', 'NORMAL', '', '', '');
